Bill of Material for ,,,,
On 20/04/2018 at 06:43:15,,,,
,,,,
Value,Pattern,Quantity,Part number,Supplied
,,,,
0.1uF,1608[0603],73,MC0603B104K500CT,PCB Train free components
100K,6-0805_M,48,CPF-A-0805B100KE1,Customer Supplied
10k,6-0805_M,48,CPF-A-0805B10KE1,Customer Supplied
10nF,1608[0603],6,MC0603B103K500CT,PCB Train free components
10uF,1608[0603],20,GRM188C80E106ME47D,Customer Supplied
13k,6-0805_M,6,MC01W0805113K,PCB Train free components
1u,1608[0603],6,MC0603X105K250CT,PCB Train free components
2.2nF,1608[0603],6,MC0603B222K500CT,PCB Train free components
20k,6-0805_M,13,CPF-A-0805B20KE1,Customer Supplied
220pF,1608[0603],6,MC0603N221J500CT,PCB Train free components
2k,6-0805_M,1,MC01W080512K,PCB Train free components
330,6-0805_M,2,MC01W08051330R,PCB Train free components
4.7uF,1608[0603],2,MC0603F475Z6R3CT,Customer Supplied
51k,6-0805_M,12,ERA6AEB513V,Customer Supplied
5.1k,6-0805_M,12,CPF-A-0805B5K1E1,Customer Supplied
715,6-0805_M,6,ERJ6ENF7150V,Customer Supplied
AD8476ARMZ,SOP65P490X110-8N,6,,Not fitted
AD9833BRMZ,ADI-RM-10_M,6,AD9833BRMZ,Customer Supplied
Header 4X2,HDR2X4,12,2213S-08G,Customer Supplied
LTC1044ACS8,LT-S8-8_M,1,LTC1044CS8#PBF,Customer Supplied
LTC6900IS5#PBF,LT-TSOT-23-5_V,1,LTC6900CS5#TRMPBF,Customer Supplied
MCP73831T-2ADI/OT,SOT-23-OT5_M,1,MCP73831T-2ADI/OT,Customer Supplied
OPA2188AIDR,D0008A_L,24,OPA2188AIDR,Customer Supplied
TLMS1100-GS08,VISH-TLMX1100_V,2,TLMS1100-GS08,Customer Supplied
Micro USB Receptacle (J1),,1,47346-0001,Customer Supplied
